[null,{"name":"!로스터등록","permissions":"NONE","restriction":"1","_id":"lXFdo","actions":[{"info":"0","infoIndex":"1","storage":"1","varName":"월","name":"Store Command Params"},{"info":"0","infoIndex":"2","storage":"1","varName":"일","name":"Store Command Params"},{"info":"0","infoIndex":"3","storage":"1","varName":"시간","name":"Store Command Params"},{"info":"0","infoIndex":"4","storage":"1","varName":"조","name":"Store Command Params"},{"info":"0","infoIndex":"5","storage":"1","varName":"번","name":"Store Command Params"},{"title":"","author":"KaKao PUBG SCRIM] 로스터 알림📢","color":"BLUE","timestamp":"true","url":"","authorIcon":"https://cdn.discordapp.com/attachments/765090499039723550/784622184731639858/KPS.png","imageUrl":"","thumbUrl":"","storage":"2","varName":"emd","name":"Create Embed Message"},{"storage":"2","varName":"emd","message":"[2020 / ${tempVars(\"월\")} / ${tempVars(\"일\")}] ${tempVars(\"시간\")}시 스크림에서 참가 신청을 하여\n${tempVars(\"조\")}로스터 ${tempVars(\"번\")}번으로 등록되었습니다 ","name":"Set Embed Description"},{"storage":"2","varName":"emd","channel":"0","varName2":"","storage3":"0","varName3":"","name":"Send Embed Message"},{"storage":"2","varName":"emd","channel":"2","varName2":"","storage3":"0","varName3":"","name":"Send Embed Message"}]},{"name":"!로스터변경","permissions":"NONE","restriction":"1","_id":"FfTaT","actions":[{"info":"0","infoIndex":"1","storage":"1","varName":"월","name":"Store Command Params"},{"info":"0","infoIndex":"2","storage":"1","varName":"일","name":"Store Command Params"},{"info":"0","infoIndex":"3","storage":"1","varName":"시간","name":"Store Command Params"},{"info":"0","infoIndex":"4","storage":"1","varName":"OO~","name":"Store Command Params"},{"info":"0","infoIndex":"5","storage":"1","varName":"OO O번~","name":"Store Command Params"},{"info":"0","infoIndex":"6","storage":"1","varName":"~OO조","name":"Store Command Params"},{"info":"0","infoIndex":"7","storage":"1","varName":"~OO조 OO번","name":"Store Command Params"},{"title":"","author":"KaKao PUBG SCRIM] 로스터 알림📢","color":"GREEN","timestamp":"true","url":"","authorIcon":"https://cdn.discordapp.com/attachments/765090499039723550/784622184731639858/KPS.png","imageUrl":"","thumbUrl":"","storage":"1","varName":"EDM","name":"Create Embed Message"},{"storage":"1","varName":"EDM","message":"[2020 / ${tempVars(\"월\")} / ${tempVars(\"일\")}] ${tempVars(\"시간\")}시 스크림에서참가 신청을 하여\n${tempVars(\"OO~\")}로스터 ${tempVars(\"OO O번~\")}번에서 ${tempVars(\"~OO조\")}조 ${tempVars(\"~OO조 OO번\")}번으로 변경되었습니다","name":"Set Embed Description"},{"storage":"1","varName":"EDM","channel":"0","varName2":"","storage3":"0","varName3":"","name":"Send Embed Message"},{"storage":"1","varName":"EDM","channel":"2","varName2":"","storage3":"0","varName3":"","name":"Send Embed Message"}]},{"name":"!로스터취소","permissions":"NONE","restriction":"1","_id":"WwHlg","actions":[{"info":"0","infoIndex":"1","storage":"1","varName":"월","name":"Store Command Params"},{"info":"0","infoIndex":"2","storage":"1","varName":"일","name":"Store Command Params"},{"info":"0","infoIndex":"3","storage":"1","varName":"시간","name":"Store Command Params"},{"info":"0","infoIndex":"4","storage":"1","varName":"조","name":"Store Command Params"},{"info":"0","infoIndex":"5","storage":"1","varName":"팀명","name":"Store Command Params"},{"title":"","author":"KaKao PUBG SCRIM 로스터 취소 알림📢","color":"RED","timestamp":"true","url":"","authorIcon":"https://cdn.discordapp.com/attachments/765090499039723550/784622184731639858/KPS.png","imageUrl":"","thumbUrl":"","storage":"1","varName":"EDM","name":"Create Embed Message"},{"storage":"1","varName":"EDM","message":"[2020 / ${tempVars(\"월\")} / ${tempVars(\"일\")}] ${tempVars(\"시간\")}시 스크림 ${tempVars(\"조\")}로스터에서 ${tempVars(\"팀명\")} 팀이 취소 되었습니다","name":"Set Embed Description"},{"storage":"1","varName":"EDM","channel":"0","varName2":"","storage3":"0","varName3":"","name":"Send Embed Message"},{"storage":"1","varName":"EDM","channel":"2","varName2":"","storage3":"0","varName3":"","name":"Send Embed Message"}]},{"name":"!경고","permissions":"NONE","restriction":"1","_id":"Wnyht","actions":[{"info":"0","infoIndex":"1","storage":"1","varName":"디스코드 아이디","name":"Store Command Params"},{"info":"0","infoIndex":"2","storage":"1","varName":"제재 사유","name":"Store Command Params"},{"info":"0","infoIndex":"3","storage":"1","varName":"경고횟수","name":"Store Command Params"},{"info":"0","infoIndex":"4","storage":"1","varName":"날짜","name":"Store Command Params"},{"info":"0","infoIndex":"5","storage":"1","varName":"처리자","name":"Store Command Params"},{"channel":"3","varName":"","message":"```Kakao PUBG SCRIM 제재\n\n+디스코드 아이디: ${tempVars(\"디스코드 아이디\")}\n+제재 사유 : ${tempVars(\"제재 사유\")}\n+처리 사항 : ${tempVars(\"경고횟수\")}\n+해제 날짜 : ${tempVars(\"날짜\")}\n+처리자 : ${tempVars(\"처리자\")} ``` ${mentionedUser}\n","storage":"0","varName2":"","name":"Send Message"},{"channel":"2","varName":"","message":"```Kakao PUBG SCRIM 제재\n\n+디스코드 아이디: ${tempVars(\"디스코드 아이디\")}\n+제재 사유 : ${tempVars(\"제재 사유\")}\n+처리 사항 : ${tempVars(\"경고횟수\")}\n+해제 날짜 : ${tempVars(\"날짜\")}\n+처리자 : ${tempVars(\"처리자\")} ``` ${mentionedUser}\n","storage":"0","varName2":"","name":"Send Message"}]},{"name":"!삭제","permissions":"NONE","restriction":"1","_id":"JRWRP","actions":[{"info":"0","infoIndex":"1","storage":"1","varName":"am","name":"Store Command Params"},{"channel":"0","count":"${tempVars(\"am\")}","condition":"0","custom":"","varName":"","name":"Delete Bulk Messages"},{"channel":"0","varName":"","message":"${tempVars(\"am\")}개의 메세지를 삭제시켰습니다","storage":"0","varName2":"","name":"Send Message"}]},{"name":"!팀장공지","permissions":"NONE","restriction":"1","_id":"haMAe","actions":[{"channel":"0","varName":"","message":"`[KaKao PUBG SCRIM BOT 알림📢]`\n```팀장에게 알려드립니다 메인로스터확인후 2시 30분까지 음성방2명이상출석바랍니다\n취소는 2시 30분까지가능하오니 가능한빨리 취소바랍니다 랜드마크 기재도 꼭부탁드립니다```\n`문의는 매너저들 또는 관리자에게 문의해주세요`","storage":"0","varName2":"","name":"Send Message"},{"channel":"2","varName":"","message":"`[KaKao PUBG SCRIM BOT 알림📢]`\n```팀장에게 알려드립니다 메인로스터확인후 2시 30분까지 음성방2명이상출석바랍니다\n취소는 2시 30분까지가능하오니 가능한빨리 취소바랍니다 랜드마크 기재도 꼭부탁드립니다```\n`문의는 매너저들 또는 관리자에게 문의해주세요`","storage":"0","varName2":"","name":"Send Message"}]},{"name":"!로스터-안내","permissions":"NONE","restriction":"1","_id":"FUzOD","actions":[{"title":"","author":"[KaKao PUBG SCRIM] 로스터 변경 알림📢","color":"RANDOM","timestamp":"true","url":"","authorIcon":"https://cdn.discordapp.com/attachments/765090499039723550/784622184731639858/KPS.png","imageUrl":"","thumbUrl":"","storage":"2","varName":"EMD","name":"Create Embed Message"},{"storage":"2","varName":"EMD","message":"","name":"Set Embed Description"}]}]